first_name,predicted_gender
,
Ashiful,unknown
,
Ryan,mostly_male
Jory,male
,
Amkg,unknown
Gentle,unknown
~*Fett's,unknown
The,mostly_female
Felipe,male
Persister,unknown
,
,
MissAtomic,unknown
,
Gillian,female
Matt,male
Aarushi,unknown
Markus,male
Univ,unknown
abitnauseous,unknown
,
,
,
Maria,female
,
,
Jen,female
Genevieve,female
üÖëüÖ°üÖ®an,unknown
Katherine,female
David,male
Amit,male
,
,
adi,unknown
,
Jeremy,male
Catherine,female
,
Ay≈üeg√ºl,female
tim,unknown
Kate,female
Martin,male
Jeroen,male
andycrain.bsky.social,unknown
yeti,unknown
David,male
,
AngeK,unknown
D.,unknown
,
Nicole,female
V√¶gtersang,unknown
Ron,male
wesinjapanü¶Éü¶Éü¶É,unknown
Derrick,male
Elizabeth,female
Reijo,male
EH,unknown
Jimi,male
Martin,male
Jennifer,female
Steven,male
Kate,female
Eef,andy
,
AlyssaTheFerret,unknown
Raphael,male
David,male
Audun,male
Happy,unknown
coney,unknown
Agust√≠n,male
Neil,male
Christopher,male
Carl,male
Daniele,female
Erhan,male
,
Alan,male
,
Bruno,male
Sam,mostly_male
,
Osita,unknown
My,mostly_female
Nicholas,male
Mario,male
Wretched,unknown
Meg,female
ISDC,unknown
North,unknown
,
Bianca,female
Jakob,male
,
Chris,mostly_male
Lucy,female
sigma,unknown
,
Sam,mostly_male
Dr,unknown
Sheffield,male
,
,
,
,
,
wh00sh,unknown
Drysand,unknown
,
Jonas,male
JustMe,unknown
Bec,unknown
Giles,male
Siddharth,unknown
,
,
Peta,female
word,unknown
Aarushi,unknown
Paul,male
,
Julian‚Äôs,unknown
Dr,unknown
Barry,male
,
britsoul,unknown
Nelson,male
Ashok,mostly_male
Philip,male
Alex,male
Pauli,male
Camilla,female
Francis,male
Theresa,female
Mario,male
De‚ÄôSean,unknown
,
Juanita,female
John,male
Christy,female
Toma≈æ,male
,
,
Lukas,male
Rama,mostly_male
Michelle,female
Christian,male
Matt,male
UM,unknown
,
Tom,male
The,mostly_female
Ambivert,unknown
UrieBay,unknown
Jordi,male
Cambridge,unknown
CB,unknown
,
,
Jon,male
Eddie,male
Andrew,male
Phenomenal,unknown
Paul,male
Eamon,male
MoZarn,unknown
York,male
,
Andrea,female
Abhi,unknown
Saurabh,unknown
Caroline,female
Casey,andy
,
Tucker,male
Josh,male
Pierre,male
Llu√≠s,unknown
Sidney,mostly_male
Stephen,male
Caterina,female
,
Aila,female
End,unknown
Timothy,male
Tom,male
,
David,male
Vicki,female
Camilla,female
Tomas,male
Jesse,male
Ginny,female
Michael,male
,
Cleo,mostly_female
Trice,unknown
Anna,female
Y√ºbbie,unknown
Chris,mostly_male
jo√£o,unknown
Ramin,male
Alexander,male
Drew,male
Ben,male
Zach,male
Elsa,female
Leah,female
Daniel,male
SubscriberVerify,unknown
NIC-ICTU,unknown
Bid√©,unknown
Lu√≠s,male
,
,
,
Money,unknown
Max,male
X-POD,unknown
Alex,male
Denise,female
Oskar,male
Christopher,male
Dan,male
Sam,mostly_male
Ted,male
Poorva,unknown
Franziska,female
Dillon,male
Emil,male
Fabian,male
Dhanya,unknown
Manasi,unknown
Eva,female
Jelena,female
,
Kai,male
Nicolas,male
Tommi,male
Robert,male
Greg,male
TheLibertyPear,unknown
Good,unknown
,
,
,
Support,unknown
,
Eva,female
Mirnasaurus,unknown
,
,
,
Lauren,mostly_female
Miguel,male
,
Franklin,male
Disco,unknown
,
,
Ivy,female
Hani,female
DMC,unknown
Kasey,mostly_female
Zane,female
‚ú®GrumpySteff,unknown
Ezana,unknown
Juan,male
Jack,male
Paulo,male
Aryabigbro,unknown
Annie,female
Naledi,unknown
,
gertrudious,unknown
Just,male
Nat,male
Nancy,female
estate4column5,unknown
Sophie,female
,
,
,
Hall,unknown
Nippe,unknown
Annie,female
Dalx,unknown
Beth,female
,
Infinite,unknown
Kira,female
Derek,male
,
Pat,andy
,
Jill,female
Ilaria,female
Deborah,female
Chetan,unknown
,
Ace,unknown
,
carynh1.bsky.social,unknown
,
,
,
amber,unknown
Julia,female
Kirbini,unknown
Audrey,female
,
,
,
Grippshel,unknown
Rebecca,female
Arnold,male
üçÄMcMommaüçÄ,unknown
Hari,male
Socialism,unknown
Andrea,female
Roy,male
Lizardrath,unknown
,
Anthony,male
Harry,male
Maria,female
Us,unknown
Morten,male
fuzzywunkle,unknown
,
Kathryn,female
Aba,unknown
Annmarie,unknown
Ushnish,unknown
,
Jeroen,male
Third,unknown
Kait,male
Becky,female
Robert,male
,
,
J√∂rg,male
David,male
Aarathi,unknown
"MALIZIA,",unknown
Jon,male
Marianne,female
Annie,female
Sarah,female
Steve,male
Robert,male
Charles,male
Saul,male
Breastfeeding,unknown
Sheila,female
,
,
Bezsy,unknown
,
Paulo,male
Seonaid,female
Raadgever,unknown
,
,
Scott,male
Fiona,female
David,male
,
Nathan,male
Charlie,mostly_male
,
Shayna,female
Jon,male
chyonika_books,unknown
Shana,female
David,male
,
Daina,female
,
,
Erre,unknown
Dozthenurse,unknown
,
,
Tony,male
Shelly,female
Skeety,unknown
Giulia,female
MC,unknown
Jos√©,male
,
LoreB,unknown
Julia,female
,
Laura,female
Sandra,female
John,male
Helena,female
,
,
Dustin,male
Tom,male
Can,andy
carl,unknown
Karl883,unknown
Kristine,female
Sofia,female
krisellyn,unknown
Alex,male
Joan,female
Hilary,female
Persephone,unknown
Alex,male
,
Emily,female
Elizabeth,female
Tobias,male
,
Norah,female
Devon,mostly_male
Cherine,female
Rebecca,female
,
,
Purna,unknown
,
ESS,unknown
,
Steve,male
,
Pearl35,unknown
Yen,andy
üò∑,unknown
,
Sam,mostly_male
Andrew,male
Patricia,female
Eirlys,female
ùñâùñÜùñõùñä,unknown
Luis,male
Eddie,male
a,unknown
,
Jen,female
Sophia,female
Deanna,female
,
jay,unknown
,
,
T.,unknown
Archon,unknown
Timoteo,male
,
John,male
Rohit,unknown
Destaria,unknown
,
Ibrahim,male
Bustos,unknown
Anne,female
Rufried,unknown
Heartbridger,unknown
Denis,male
Erin,mostly_female
Jeffrey,male
Violeta,female
,
MiCamila,unknown
Adrian,male
Rob,male
Daniel,male
Sebastian,male
Steve,male
Lee,mostly_male
Rike,female
ClimaTax,unknown
Boneone,unknown
,
Marty,mostly_male
kimooki.bsky.social,unknown
Policy,unknown
Sophie,female
,
,
Jonzey,unknown
,
Nan,mostly_female
,
,
,
Philipp,male
Gonzalezme,unknown
,
Jennzen,unknown
V√≠ctor,male
Velimir,male
Jutta,female
,
Niccolo,unknown
,
Dr.,unknown
[MC][DJ],unknown
AuroraErratic,unknown
,
Bruce,male
Loubna,female
Martine,female
Lyubo,unknown
Hua,andy
,
miattention,unknown
VH,unknown
Eduardo,male
Bo,male
Brad,male
Dave,male
Philip,male
Helen,female
Sarah,female
John,male
Deb,female
Neto,unknown
Lucha,unknown
Ingrid,female
Brian,male
Matt,male
Dilip,male
Lori,female
,
Dawn,female
ordinary,unknown
,
Allyson,female
,
The,mostly_female
Camilla,female
Anne,female
Ned,male
Colby,male
Cleanhouse2024,unknown
Amin,male
Jordan,male
Mark,male
Ellie,female
Robin,mostly_male
Little,unknown
Dorothea,female
,
,
,
,
,
,
,
Nik,male
Douglas,male
Karen,female
It's,unknown
,
,
,
Cindy,female
Niklas,male
Rodolfo,male
Vicki,female
butidigress,unknown
,
Sarah,female
Volker,male
Merijn,male
YetAnotherSteve,unknown
Jordan,male
,
Dani,male
,
,
Vince,male
Pablo,male
Mahalu≈°a,unknown
,
Rachel,female
Kevin,male
Damien,male
Florian,male
Lucy,female
Stefan,male
≈Åukasz,male
,
,
Ren√©e,female
Mark,male
,
Sarah,female
Neil,male
,
,
Jo√£o,mostly_male
Will,mostly_male
Johannes,male
Gina,female
Bowler,unknown
thomas,unknown
Bestmanfree46,unknown
Suzanne,female
Abigael,unknown
Ian,male
Miguel,male
Jo√´l,male
Matt,male
critique,unknown
,
Oriol,male
Louise,female
o,unknown
Nick,male
Theresa,female
Eviatar,unknown
ashstanleyryan.bsky.social,unknown
Friedrich,male
Rick,male
,
Clara,female
Kasyoka,unknown
Phillip,male
Sprout,unknown
,
Kristina,female
S√©bastien,male
Richard,male
,
Bakou,unknown
Susan,female
Scar,unknown
Max,male
,
Dr,unknown
,
Johannes,male
Claire,female
Chris,mostly_male
Karim,male
,
Alistair,male
Andrew,male
Julie,female
Manuel,male
Danielle,female
Matthias,male
Dorothea,female
IvyMoth,unknown
Katerina,female
Adderall,unknown
Dean,male
Line,female
Jonathan,male
Charlotte,female
Saraffred,unknown
,
Anne,female
Dr.,unknown
,
Andy,male
Remz,unknown
Wirtschaft,unknown
Toni,male
Daphne,female
,
Huub,male
Joni,female
Anne,female
Emily,female
Routledge,unknown
Pistolpete,unknown
Robert,male
Policy,unknown
Steffan.J,unknown
,
Mario,male
Joe,male
,
,
üåà‚ùÑÔ∏è,unknown
,
Catherine,female
C√©leste,mostly_female
Fernando,male
Tenkawa,unknown
,
Christina,female
IneMa,unknown
Garrett,male
,
LoveKat,unknown
,
sevco≈ü,unknown
Isaac,male
,
,
Jonathan,male
,
,
Tuomas,male
Francisco,male
,
Emine,female
Elena,female
Stephen,male
Paul,male
,
,
Liam,male
,
Dave,male
Phronimoss,unknown
Devrim,male
,
Dan,male
Tilman,male
Frankie,andy
MG,unknown
Nathan,male
Kevin,male
Jim,male
Tim,male
Kim,mostly_female
Hugh,male
Filipe,male
softxdemon,unknown
Teagen,unknown
Margaret,female
Ffi,unknown
Dr,unknown
alex,unknown
,
Max,male
,
ChrissyL,unknown
David,male
Paul,male
Slay,unknown
,
Alicia,female
,
Jos√©,male
Antti,male
Dan,male
Sam,mostly_male
Frank,male
Alexander,male
Bratislava,female
James,male
,
Anna,female
A.K.A,unknown
Mon,female
,
,
P√≠a,unknown
David,male
Dottie,female
Neil,male
Tracy,mostly_female
Clem,male
·à´·àµ,unknown
,
Julien,male
üé∂Have,unknown
inesinesNS,unknown
New,unknown
Jacqueline,female
,
Bel,female
Ulrike,female
Lena,female
M√°rio,male
Moritz,male
Soeren,unknown
,
Duncan,male
,
,
Jules,male
Dave,male
Gabriel,male
Sotiria,female
√ìscar,male
Max,male
Michael,male
Abhi,unknown
Beril,female
,
It‚Äôs,unknown
Fernando,male
Helen_5Calls,unknown
Ben,male
Soazig,female
Rasinator,unknown
,
Jamie,mostly_female
Jean,male
,
Michelle,female
Jamie,mostly_female
Jeanette,female
Louison,andy
,
Jenkoranian,unknown
,
Elin,female
Craig,male
Ed,male
Judith,female
Pit,male
,
Johanna,female
Colleen,female
AMF,unknown
Sarah,female
Erik,male
MaBooTwo,unknown
Mongo,unknown
,
,
Phil,male
Dr,unknown
Stefan,male
D√≥ra,female
PMK,unknown
Corinna,female
Josie,female
Elaine,female
Moritz,male
anne,unknown
Shawn,mostly_male
Diether,male
Sarah,female
Michael,male
Laura,female
Davide,male
maikdrop,unknown
,
Matt,male
James,male
Itsmotherswork,unknown
Yelling,unknown
David,male
Wafa,female
Lisa,female
,
Olivia,female
Clare,female
RealMommaTalk,unknown
,
Susanne,female
Ryan,mostly_male
Ramon,male
Helmut,male
,
Tyler,mostly_male
Tobias,male
Tune,unknown
Fahim,male
Michael,male
Erik,male
TinButtons,unknown
Kim,mostly_female
Andreas,male
Rob,male
Pavas,unknown
Kilian,male
,
Nina,female
Christopher,male
Samuel,male
,
,
Papa‚Äôs,unknown
,
Sarah,female
Antje,female
Chris,mostly_male
,
ES542,unknown
Lukas,male
Chris,mostly_male
ElphieGirl,unknown
Nick,male
Stacey,mostly_female
Tony,male
Austin,male
,
Rainer,male
,
Helen,female
And_New,unknown
Gil,male
Annpharm,unknown
,
Shannon,mostly_female
,
,
Concrete,unknown
,
Steve,male
Melody,female
Todd,male
,
,
Markus,male
Tom,male
Tsvetelina,unknown
Zarah,female
Winter,unknown
James,male
,
Felix,male
Shannon,mostly_female
,
Joan,female
,
,
Jackie,andy
√òyvind,male
Wendy,female
Teal,unknown
Lorenz,male
,
David,male
Daniel,male
Alyssa,female
Garrett,male
David,male
EvieS,unknown
Alexandre,male
Doro,mostly_female
,
,
GNSS_GP,unknown
Stephen,male
Marcus,male
Arm,unknown
Simone,female
Cathy,female
Delma,female
Jay_Radical.bsky.social,unknown
,
,
Craig,male
,
,
Maximilian,male
Michele,female
,
,
je,unknown
Marina,female
Tom,male
Rayna,female
,
nevratutuncu,unknown
Amann,unknown
Ben,male
,
CloggieinKyiv,unknown
,
,
,
Kevin,male
Avril,female
,
C√ºneyt,male
Jaime,male
Erika,female
Linus,male
Iain,male
,
Donna,female
Kelly,mostly_female
,
Samuel,male
Michael,male
Stanzi.,unknown
,
Zo√´,female
Liz,female
,
Tom,male
Deva,female
Martin,male
,
Judson,male
KimEagle,unknown
Cherubini,unknown
,
TyLynneYoga,unknown
Aeddan,unknown
Nick,male
Majorin_Melone,unknown
,
Owe,male
Jonas,male
Felipe,male
Ay≈üe,female
spectres,unknown
Sara,female
Lucy,female
angles,unknown
Mario,male
Only,unknown
Monty,male
,
Femmy,female
Matt,male
Dan,male
Tommy,male
SolAbility,unknown
Abby,female
,
Marco,male
Hawk,unknown
Bue,unknown
Yvan,male
David,male
Jonathan,male
Etienne,male
Clemens,male
Esteban,male
Evelyne,female
Dr,unknown
Corbin,male
Lulu,male
Nora,female
Joana,female
Kristin,female
Artur,male
Thomas,male
Joana,female
Zsuzsa,female
Iakovos,male
Etienne,male
briana,unknown
Cyberflaneurs,unknown
,
Julius,male
Konstantin,male
Maria,female
EFN,unknown
,
,
Paul,male
Federico,male
Maximilian,male
,
El,mostly_female
Coen,male
pedro,unknown
,
Antonin,male
Matt,male
Leonie,female
Tiago,male
Timothy,male
Stefan,male
Morgan,mostly_male
Len,male
D64,unknown
,
Bilethry,unknown
LSE,unknown
benny,unknown
Andrei,male
BlueSky,unknown
Er√©ndira,unknown
Christian,male
Robert,male
,
Pablo,male
Ben,male
,
,
Rogi,unknown
Alwaysquittingsmoking,unknown
Nicole,female
Felipe,male
,
John,male
Luca,male
The,mostly_female
Debra,female
Korinna,female
Finn,male
Lola,female
Frank,male
Ian,male
Auguste,male
Max,male
Pedro,male
B√•rd,male
Connor,male
Matt√©o,unknown
Rasmus_fester,unknown
Andrew,male
Sami,male
David,male
declan,unknown
Alexander,male
Aina,female
EUwatch,unknown
Leanne,female
Daniel,male
SpirusD,unknown
Ida,female
Felicia,female
Kirby,mostly_male
lulu.brx,unknown
Olivier,male
Alina,female
üíô,unknown
Micha≈Ç,male
MPIfG,unknown
AC,unknown
Lorcan,unknown
‚Äúshameless,unknown
Manuel,male
Thiemo,male
,
Michael,male
Robert,male
Borys,male
Mamudou,unknown
,
Leonhard,male
Marten,male
Jan,male
Carl,male
jannon,unknown
G,unknown
Quentin,male
John,male
R√≥n√°n,unknown
Menelaos,male
Matthew,male
James,male
,
Chris,mostly_male
Jacob,male
kumar„Éªrai,unknown
Todd,male
Mubashir,unknown
Elena,female
Ronen,male
Mike,male
Lasse,male
Antoine,male
Robert,male
,
Sylvie,female
Gabor,unknown
Juho,male
Arnout,male
Fanny,female
Marc-Antoine,unknown
The,mostly_female
Tanja,female
ophelia,unknown
Anna,female
Donato,male
Jan,male
Shawn,mostly_male
Nils,male
Danielle,female
Fabio,male
Jihed,unknown
Andreas,male
Yale,unknown
Monica,female
Werner,male
Jona,female
Roeland,male
Jacob,male
Hielke,male
Anna,female
Kateryna,female
,
Kardelen,female
Dermot,male
Nerea,female
Sidharta,unknown
Kira,female
Paula,female
Fr√©d√©ric,male
R.,unknown
Simon,male
Mariana,female
Jordy,male
Alessandro,male
Lotta,female
juliette,unknown
,
marten,unknown
Mulgrew,unknown
Azade,unknown
Keno,male
Stanislas,male
Piotr,male
Asli,unknown
,
Gemma,female
Alex,male
Thomas,male
Jonas,male
Florian,male
Mattias,male
Agni,female
Mona,female
Alina,female
Alison,female
Political,unknown
Davide,male
Thomas,male
simeon,unknown
Steffen,male
Jan,male
Achim,male
Clara,female
Angelo,male
Evelyne,female
Sebastian,male
Thomas,male
Wester,unknown
Olga,female
Darius,male
Sophie,female
IPZ,unknown
Endre,male
Jana,female
Stephan,male
Bilyana,female
Victor,male
Alexander,male
Joe,male
J√∏rgen,male
Bilja,unknown
Francesco,male
Jacob,male
Henri,male
Sophia,female
Takuya,male
Robin,mostly_male
Will,mostly_male
Max,male
Nicola,female
Computational,unknown
Xavier,male
Nina,female
Michael,male
Adrian,male
Madiha,unknown
Oriol,male
Jani,male
Robin,mostly_male
Nils,male
Jacob,male
Tony,male
Ant√≥nio,male
Luuk,male
Katjana,unknown
Sofia,female
Alessandro,male
Toon,male
Matthias,male
Rebecca,female
Eva,female
Anica,female
Tobias,male
Silvia,female
Riitta,female
Sander,male
Simon,male
Dominic,male
Pedro,male
Sven,male
Ilias,male
Ludwig,male
Annina,female
Aur√©lien,male
Chris,mostly_male
David,male
John,male
Clara,female
Dustin,male
Lukas,male
Valentina,female
Ieva,female
Th√©oda,unknown
Max,male
Philippa,female
Jonathan,male
Julia,female
Miriam,female
Markus,male
David,male
Irene,female
Emiliano,male
Ann-Kathrin,unknown
Pavlos,male
Dr,unknown
Simon,male
agnieszka,unknown
Alfredo,male
Sakari,male
Julian,male
Lennart,male
Ingo,male
Michael,male
Jeff,male
Lucas,male
Daniel,male
Clint,male
Sienna,female
Simon,male
Thomas,male
Daniel,male
Moritz,male
Environmental,unknown
Mareike,female
Maaike,female
Bj√∂rn,male
Julian,male
Ranft,unknown
Luca,male
Fulltime,unknown
Tim,male
Reto,male
David,male
Marius,male
Dani,male
Edoardo,male
Raffaele,male
J√°nos,male
max,unknown
Nick,male
Seth,male
Filip,male
Maurits,male
In√™s,female
Elizabeth,female
Julian,male
Simon,male
Michael,male
Stijn,male
Magnus,male
Marcus,male
Paul,male
Felix,male
Martin,male
Milan,male
Despina,female
Leon,male
Johannes,male
Stuart,male
Palma,female
Dimiter,unknown
Fabienne,female
Adina,female
J√©r√¥me,male
Simon,male
Marta,female
Timur,male
Johannes,male
Andreas,male
Federica,female
Lucas,male
Natascha,female
Ruth,female
Will,mostly_male
Alex,male
Zsofi,unknown
Davide,male
theresa,unknown
Mirko,male
Markus,male
Dirck,male
Vicente,male
Jack,male
Joost,male
Veronica,female
Benjamin,male
‚≠ï‚≠ï‚≠ï,unknown
Daniel,male
Archer,unknown
Dan,male
Mattia,male
Christine,female
Alexandra,female
Clem,male
Louisa,female
Prof.,unknown
Nina,female
Max,male
Jens,male
Damien,male
Gaia,female
Roman,male
Chris,mostly_male
Milan,male
Matilde,female
Jan,male
Per,male
Timo,male
Pau,male
Tarek,male
Joris,male
Tae,mostly_male
Jannik,mostly_male
Jonathan,male
Hugo,male
Bart,male
HFX,unknown
Melanie,female
